UTCTIME,UNIXTIME,ALT,LAT,LON,#SATS,FIX,HORZV,VERTV,HEAD,FLAGS,>40,>32,>24,RSSI,BATT,Altitude AGL,Launch detection,Apogee detection,Landing detection,Distance (feet)
Dec 08 2024 18:25:55.899 UTC,1733700355.899,62.3,39.08240,-75.87523,26,3,0,0,-95,1,5,13,4,-36,3.842,0.3,FALSE,FALSE,FALSE,0.0000
Dec 08 2024 18:25:56.000 UTC,1733700356.0,62.3,39.08240,-75.87523,26,3,0,0,-73,1,4,14,4,-36,3.842,0.3,FALSE,FALSE,FALSE,0.0000
Dec 08 2024 18:25:56.199 UTC,1733700356.199,62.3,39.08240,-75.87523,26,3,0,0,-59,1,5,13,4,-37,3.842,0.3,FALSE,FALSE,FALSE,0.0000
Dec 08 2024 18:25:56.299 UTC,1733700356.299,62.3,39.08240,-75.87523,26,3,0,0,0,1,5,13,4,-37,3.842,0.3,FALSE,FALSE,FALSE,0.0000
Dec 08 2024 18:25:56.399 UTC,1733700356.399,62.3,39.08240,-75.87523,26,3,0,0,-41,1,5,13,4,-37,3.84,0.3,FALSE,FALSE,FALSE,0.0000
Dec 08 2024 18:25:56.499 UTC,1733700356.499,62.3,39.08240,-75.87523,27,3,0,0,-145,1,5,13,4,-37,3.84,0.3,FALSE,FALSE,FALSE,0.0000
Dec 08 2024 18:25:56.599 UTC,1733700356.599,62.2,39.08240,-75.87523,27,3,0,0,91,1,4,14,4,-37,3.84,0.2,FALSE,FALSE,FALSE,0.0000
Dec 08 2024 18:25:56.699 UTC,1733700356.699,62.3,39.08240,-75.87523,26,3,0,0,-168,1,4,14,4,-37,3.84,0.3,FALSE,FALSE,FALSE,0.0000
Dec 08 2024 18:25:56.799 UTC,1733700356.799,62.3,39.08240,-75.87523,27,3,0,0,-9,1,4,14,4,-37,3.84,0.3,FALSE,FALSE,FALSE,0.0000
Dec 08 2024 18:25:56.899 UTC,1733700356.899,62.2,39.08240,-75.87523,27,3,0,0,-68,1,5,13,4,-37,3.84,0.2,FALSE,FALSE,FALSE,0.0000
Dec 08 2024 18:25:57.000 UTC,1733700357.0,62.2,39.08240,-75.87523,27,3,0,0,142,1,5,13,4,-37,3.84,0.2,FALSE,FALSE,FALSE,0.0000
Dec 08 2024 18:25:57.199 UTC,1733700357.199,62.2,39.08240,-75.87523,27,3,0,0,-121,1,5,13,4,-37,3.84,0.2,FALSE,FALSE,FALSE,0.0000
Dec 08 2024 18:25:57.299 UTC,1733700357.299,62.3,39.08240,-75.87523,26,3,0,0,145,1,5,13,4,-37,3.84,0.3,FALSE,FALSE,FALSE,0.0000
Dec 08 2024 18:25:57.399 UTC,1733700357.399,62.3,39.08240,-75.87523,26,3,0,0,32,1,5,13,4,-37,3.84,0.3,FALSE,FALSE,FALSE,0.0000
Dec 08 2024 18:25:57.499 UTC,1733700357.499,62.3,39.08240,-75.87523,26,3,0,0,-172,1,4,14,4,-37,3.84,0.3,FALSE,FALSE,FALSE,0.0000
Dec 08 2024 18:25:57.599 UTC,1733700357.599,62.3,39.08240,-75.87523,27,3,0,0,-48,1,5,13,4,-37,3.84,0.3,FALSE,FALSE,FALSE,0.0000
Dec 08 2024 18:25:57.799 UTC,1733700357.799,62.3,39.08240,-75.87523,27,3,0,0,-38,1,5,13,4,-37,3.84,0.3,FALSE,FALSE,FALSE,0.0000
Dec 08 2024 18:25:57.899 UTC,1733700357.899,62.3,39.08240,-75.87523,27,3,0,0,141,1,5,13,4,-37,3.84,0.3,FALSE,FALSE,FALSE,0.0000
Dec 08 2024 18:25:58.000 UTC,1733700358.0,62.3,39.08240,-75.87523,27,3,0,0,-63,1,5,13,4,-37,3.84,0.3,FALSE,FALSE,FALSE,0.0000
Dec 08 2024 18:25:58.199 UTC,1733700358.199,62.2,39.08240,-75.87523,27,3,0,0,-120,1,5,13,4,-36,3.84,0.2,FALSE,FALSE,FALSE,0.0000
Dec 08 2024 18:25:58.299 UTC,1733700358.299,62.2,39.08240,-75.87523,27,3,0,0,-66,1,4,14,4,-36,3.84,0.2,FALSE,FALSE,FALSE,0.0000
Dec 08 2024 18:25:58.399 UTC,1733700358.399,62.2,39.08240,-75.87523,27,3,0,0,62,1,5,13,4,-36,3.84,0.2,FALSE,FALSE,FALSE,0.0000
Dec 08 2024 18:25:58.499 UTC,1733700358.499,62.2,39.08240,-75.87523,27,3,0,0,-164,1,5,13,4,-36,3.84,0.2,FALSE,FALSE,FALSE,0.0000
Dec 08 2024 18:25:58.599 UTC,1733700358.599,62.2,39.08240,-75.87523,27,3,0,0,-56,1,5,13,4,-36,3.842,0.2,FALSE,FALSE,FALSE,0.0000
Dec 08 2024 18:25:58.799 UTC,1733700358.799,62.2,39.08240,-75.87523,27,3,0,0,111,1,5,13,4,-36,3.842,0.2,FALSE,FALSE,FALSE,0.0000
Dec 08 2024 18:25:58.899 UTC,1733700358.899,62.2,39.08240,-75.87523,27,3,0,0,167,1,5,13,4,-36,3.842,0.2,FALSE,FALSE,FALSE,0.0000
Dec 08 2024 18:25:59.000 UTC,1733700359.0,62.2,39.08240,-75.87523,27,3,0,0,-50,1,5,13,4,-36,3.842,0.2,FALSE,FALSE,FALSE,0.0000
Dec 08 2024 18:25:59.199 UTC,1733700359.199,62.2,39.08240,-75.87523,27,3,0,0,153,1,5,13,4,-36,3.842,0.2,FALSE,FALSE,FALSE,0.0000
Dec 08 2024 18:25:59.299 UTC,1733700359.299,62.2,39.08240,-75.87523,27,3,0,0,-99,1,5,13,4,-36,3.842,0.2,FALSE,FALSE,FALSE,0.0000
Dec 08 2024 18:25:59.399 UTC,1733700359.399,62.2,39.08240,-75.87523,27,3,0,0,-158,1,5,13,4,-36,3.842,0.2,FALSE,FALSE,FALSE,0.0000
Dec 08 2024 18:25:59.499 UTC,1733700359.499,62.2,39.08240,-75.87523,27,3,0,0,113,1,5,13,4,-36,3.842,0.2,FALSE,FALSE,FALSE,0.0000
Dec 08 2024 18:25:59.599 UTC,1733700359.599,62.5,39.08240,-75.87523,27,3,0,5,61,1,4,14,4,-36,3.842,0.5,FALSE,FALSE,FALSE,0.0000
Dec 08 2024 18:25:59.699 UTC,1733700359.699,63.9,39.08240,-75.87522,25,3,2,20,34,1,4,12,5,-36,3.842,1.9,TRUE,FALSE,FALSE,2.1603
Dec 08 2024 18:25:59.799 UTC,1733700359.799,66.8,39.08240,-75.87522,25,3,3,35,41,1,4,12,5,-36,3.842,4.8,TRUE,FALSE,FALSE,2.1603
Dec 08 2024 18:25:59.899 UTC,1733700359.899,70.9,39.08240,-75.87522,26,3,4,46,69,1,4,11,6,-36,3.842,8.9,TRUE,FALSE,FALSE,2.5713
Dec 08 2024 18:26:00.000 UTC,1733700360.0,76.3,39.08240,-75.87522,25,3,6,59,77,1,3,11,7,-36,3.842,14.3,TRUE,FALSE,FALSE,2.5713
Dec 08 2024 18:26:00.199 UTC,1733700360.199,90.4,39.08240,-75.87522,24,3,2,81,55,1,3,9,7,-31,3.842,28.4,TRUE,FALSE,FALSE,2.5713
Dec 08 2024 18:26:00.299 UTC,1733700360.299,99.1,39.08240,-75.87521,23,3,3,93,60,1,3,9,7,-31,3.842,37.1,TRUE,FALSE,FALSE,4.5401
Dec 08 2024 18:26:00.399 UTC,1733700360.399,109.2,39.08240,-75.87521,23,3,2,106,55,1,3,10,5,-31,3.842,47.2,TRUE,FALSE,FALSE,4.5401
Dec 08 2024 18:26:00.499 UTC,1733700360.499,120.5,39.08240,-75.87521,23,3,2,119,65,1,3,10,5,-31,3.842,58.5,TRUE,FALSE,FALSE,4.5401
Dec 08 2024 18:26:00.599 UTC,1733700360.599,133.2,39.08240,-75.87521,23,3,2,133,69,1,3,10,5,-31,3.842,71.2,TRUE,FALSE,FALSE,4.5401
Dec 08 2024 18:26:00.699 UTC,1733700360.699,147.3,39.08240,-75.87521,22,3,1,147,94,1,3,10,4,-31,3.842,85.3,TRUE,FALSE,FALSE,4.5401
Dec 08 2024 18:26:00.799 UTC,1733700360.799,162.7,39.08240,-75.87521,21,3,1,161,125,1,3,9,4,-31,3.842,100.7,TRUE,FALSE,FALSE,4.5401
Dec 08 2024 18:26:00.899 UTC,1733700360.899,179.6,39.08240,-75.87521,20,3,2,175,164,1,4,8,4,-31,3.842,117.6,TRUE,FALSE,FALSE,4.5401
Dec 08 2024 18:26:01.000 UTC,1733700361.0,197.9,39.08240,-75.87521,20,3,4,189,-174,1,4,8,4,-31,3.842,135.9,TRUE,FALSE,FALSE,4.5401
Dec 08 2024 18:26:01.199 UTC,1733700361.199,238.7,39.08240,-75.87521,20,3,8,218,-150,1,4,8,4,-35,3.842,176.7,TRUE,FALSE,FALSE,4.3207
Dec 08 2024 18:26:01.299 UTC,1733700361.299,261.3,39.08239,-75.87521,19,3,11,233,-144,1,4,8,4,-35,3.842,199.3,TRUE,FALSE,FALSE,4.5401
Dec 08 2024 18:26:01.399 UTC,1733700361.399,285.3,39.08239,-75.87522,19,3,14,247,-142,1,4,7,5,-35,3.842,223.3,TRUE,FALSE,FALSE,2.5713
Dec 08 2024 18:26:01.499 UTC,1733700361.499,310.9,39.08239,-75.87522,19,3,16,262,-139,1,4,7,5,-35,3.842,248.9,TRUE,FALSE,FALSE,3.5278
Dec 08 2024 18:26:01.599 UTC,1733700361.599,337.8,39.08239,-75.87523,19,3,18,276,-137,1,4,7,5,-35,3.842,275.8,TRUE,FALSE,FALSE,4.1835
Dec 08 2024 18:26:01.699 UTC,1733700361.699,366.3,39.08238,-75.87523,18,3,20,291,-135,1,4,7,4,-35,3.842,304.3,TRUE,FALSE,FALSE,5.5780
Dec 08 2024 18:26:01.799 UTC,1733700361.799,396.2,39.08238,-75.87524,18,3,23,306,-132,1,4,7,4,-35,3.842,334.2,TRUE,FALSE,FALSE,7.2995
Dec 08 2024 18:26:01.899 UTC,1733700361.899,427.5,39.08237,-75.87524,17,3,25,320,-129,1,4,7,3,-35,3.842,365.5,TRUE,FALSE,FALSE,9.4167
Dec 08 2024 18:26:02.000 UTC,1733700362.0,460.3,39.08237,-75.87525,17,3,28,335,-127,1,4,7,3,-35,3.842,398.3,TRUE,FALSE,FALSE,12.8943
Dec 08 2024 18:26:02.199 UTC,1733700362.199,530.2,39.08236,-75.87527,18,3,33,363,-125,1,4,8,3,-44,3.842,468.2,TRUE,FALSE,FALSE,17.6363
Dec 08 2024 18:26:02.299 UTC,1733700362.299,567.2,39.08235,-75.87528,18,3,35,377,-125,1,4,8,3,-44,3.842,505.2,TRUE,FALSE,FALSE,22.5567
Dec 08 2024 18:26:02.399 UTC,1733700362.399,605.6,39.08235,-75.87529,18,3,38,390,-125,1,4,9,2,-44,3.842,543.6,TRUE,FALSE,FALSE,25.0504
Dec 08 2024 18:26:02.499 UTC,1733700362.499,645.4,39.08234,-75.87530,18,3,40,403,-124,1,4,9,2,-44,3.842,583.4,TRUE,FALSE,FALSE,28.5581
Dec 08 2024 18:26:02.599 UTC,1733700362.599,686.4,39.08234,-75.87531,18,3,42,416,-124,1,3,11,1,-44,3.842,624.4,TRUE,FALSE,FALSE,32.6025
Dec 08 2024 18:26:02.699 UTC,1733700362.699,728.6,39.08233,-75.87533,18,3,45,428,-124,1,3,11,1,-44,3.842,666.6,TRUE,FALSE,FALSE,37.6771
Dec 08 2024 18:26:02.799 UTC,1733700362.799,772.1,39.08232,-75.87534,18,3,47,440,-124,1,3,11,1,-44,3.842,710.1,TRUE,FALSE,FALSE,41.1516
Dec 08 2024 18:26:02.899 UTC,1733700362.899,816.7,39.08231,-75.87535,18,3,49,451,-123,1,2,11,2,-44,3.842,754.7,TRUE,FALSE,FALSE,46.2290
Dec 08 2024 18:26:03.000 UTC,1733700363.0,862.4,39.08231,-75.87537,18,3,52,462,-124,1,1,12,2,-44,3.825,800.4,TRUE,FALSE,FALSE,51.3222
Dec 08 2024 18:26:03.199 UTC,1733700363.199,956.9,39.08229,-75.87540,18,3,57,482,-123,1,1,13,1,-50,3.825,894.9,TRUE,FALSE,FALSE,61.5316
Dec 08 2024 18:26:03.299 UTC,1733700363.299,1005.6,39.08228,-75.87542,18,3,59,491,-122,1,1,13,1,-50,3.825,943.6,TRUE,FALSE,FALSE,69.2052
Dec 08 2024 18:26:03.399 UTC,1733700363.399,1055.2,39.08227,-75.87543,18,3,61,500,-123,1,1,13,1,-50,3.825,993.2,TRUE,FALSE,FALSE,74.3252
Dec 08 2024 18:26:03.499 UTC,1733700363.499,1105.7,39.08226,-75.87545,18,3,63,508,-123,1,1,13,1,-50,3.825,1043.7,TRUE,FALSE,FALSE,80.3122
Dec 08 2024 18:26:03.599 UTC,1733700363.599,1156.9,39.08225,-75.87547,18,3,65,516,-122,1,2,12,1,-50,3.825,1094.9,TRUE,FALSE,FALSE,87.1406
Dec 08 2024 18:26:03.699 UTC,1733700363.699,1208.8,39.08224,-75.87550,18,3,67,522,-121,1,1,13,1,-50,3.825,1146.8,TRUE,FALSE,FALSE,94.8356
Dec 08 2024 18:26:03.799 UTC,1733700363.799,1261.4,39.08223,-75.87551,18,3,69,529,-121,1,1,14,0,-50,3.825,1199.4,TRUE,FALSE,FALSE,99.9676
Dec 08 2024 18:26:03.899 UTC,1733700363.899,1314.7,39.08222,-75.87553,18,3,70,535,-121,1,2,13,0,-50,3.825,1252.7,TRUE,FALSE,FALSE,107.6688
Dec 08 2024 18:26:04.000 UTC,1733700364.0,1368.5,39.08221,-75.87556,18,3,72,541,-121,1,2,13,0,-50,3.825,1306.5,TRUE,FALSE,FALSE,115.3717
Dec 08 2024 18:26:04.199 UTC,1733700364.199,1477.8,39.08219,-75.87560,18,3,75,551,-121,1,2,13,0,-51,3.825,1415.8,TRUE,FALSE,FALSE,129.9722
Dec 08 2024 18:26:04.299 UTC,1733700364.299,1533.2,39.08218,-75.87563,18,3,76,556,-121,1,2,13,0,-51,3.825,1471.2,TRUE,FALSE,FALSE,137.6833
Dec 08 2024 18:26:04.399 UTC,1733700364.399,1589.0,39.08217,-75.87565,18,3,77,560,-121,1,3,12,0,-51,3.825,1527.0,TRUE,FALSE,FALSE,145.3946
Dec 08 2024 18:26:04.499 UTC,1733700364.499,1645.2,39.08216,-75.87567,19,3,79,563,-120,1,3,12,1,-51,3.825,1583.2,TRUE,FALSE,FALSE,153.1078
Dec 08 2024 18:26:04.599 UTC,1733700364.599,1701.8,39.08215,-75.87569,20,3,80,567,-121,1,3,12,1,-51,3.825,1639.8,TRUE,FALSE,FALSE,160.8205
Dec 08 2024 18:26:04.699 UTC,1733700364.699,1758.7,39.08213,-75.87572,20,3,81,570,-120,1,3,12,1,-51,3.825,1696.7,TRUE,FALSE,FALSE,168.5339
Dec 08 2024 18:26:04.799 UTC,1733700364.799,1815.8,39.08212,-75.87574,20,3,82,570,-120,1,3,12,1,-51,3.825,1753.8,TRUE,FALSE,FALSE,176.2478
Dec 08 2024 18:26:04.899 UTC,1733700364.899,1872.8,39.08211,-75.87577,20,3,82,569,-120,1,3,11,2,-51,3.825,1810.8,TRUE,FALSE,FALSE,185.7467
Dec 08 2024 18:26:05.000 UTC,1733700365.0,1929.7,39.08210,-75.87579,20,3,82,567,-120,1,3,10,3,-51,3.825,1867.7,TRUE,FALSE,FALSE,193.4626
Dec 08 2024 18:26:05.199 UTC,1733700365.199,2042.4,39.08208,-75.87585,20,3,82,559,-120,1,2,11,3,-57,3.825,1980.4,TRUE,FALSE,FALSE,210.6906
Dec 08 2024 18:26:05.299 UTC,1733700365.299,2098.1,39.08207,-75.87587,20,3,81,554,-120,1,2,11,3,-57,3.847,2036.1,TRUE,FALSE,FALSE,218.4081
Dec 08 2024 18:26:05.399 UTC,1733700365.399,2153.4,39.08206,-75.87589,20,3,80,549,-119,1,2,11,3,-57,3.847,2091.4,TRUE,FALSE,FALSE,225.3557
Dec 08 2024 18:26:05.499 UTC,1733700365.499,2208.1,39.08205,-75.87592,22,3,80,544,-119,1,3,12,3,-57,3.847,2146.1,TRUE,FALSE,FALSE,233.0740
Dec 08 2024 18:26:05.599 UTC,1733700365.599,2262.4,39.08204,-75.87595,22,3,80,540,-119,1,3,12,3,-57,3.847,2200.4,TRUE,FALSE,FALSE,242.6017
Dec 08 2024 18:26:05.699 UTC,1733700365.699,2316.2,39.08202,-75.87597,22,3,79,535,-119,1,3,12,2,-57,3.847,2254.2,TRUE,FALSE,FALSE,250.3198
Dec 08 2024 18:26:05.799 UTC,1733700365.799,2369.4,39.08201,-75.87599,22,3,79,530,-119,1,2,13,2,-57,3.847,2307.4,TRUE,FALSE,FALSE,258.0382
Dec 08 2024 18:26:05.899 UTC,1733700365.899,2422.2,39.08200,-75.87601,22,3,79,525,-119,1,2,13,2,-57,3.847,2360.2,TRUE,FALSE,FALSE,265.7567
Dec 08 2024 18:26:06.000 UTC,1733700366.0,2474.6,39.08199,-75.87604,22,3,78,521,-119,1,2,12,3,-57,3.847,2412.6,TRUE,FALSE,FALSE,272.7183
Dec 08 2024 18:26:06.199 UTC,1733700366.199,2577.7,39.08197,-75.87609,22,3,77,510,-119,1,2,13,2,-57,3.847,2515.7,TRUE,FALSE,FALSE,289.9759
Dec 08 2024 18:26:06.299 UTC,1733700366.299,2628.6,39.08196,-75.87611,22,3,77,506,-119,1,2,13,2,-57,3.847,2566.6,TRUE,FALSE,FALSE,297.6943
Dec 08 2024 18:26:06.399 UTC,1733700366.399,2679.0,39.08195,-75.87614,22,3,77,501,-119,1,2,13,2,-57,3.847,2617.0,TRUE,FALSE,FALSE,305.4128
Dec 08 2024 18:26:06.499 UTC,1733700366.499,2728.9,39.08194,-75.87616,22,3,76,496,-119,1,2,13,2,-57,3.847,2666.9,TRUE,FALSE,FALSE,312.3833
Dec 08 2024 18:26:06.599 UTC,1733700366.599,2778.4,39.08193,-75.87618,22,3,76,492,-119,1,2,13,1,-57,3.847,2716.4,TRUE,FALSE,FALSE,320.1016
Dec 08 2024 18:26:06.699 UTC,1733700366.699,2827.3,39.08192,-75.87621,22,3,76,487,-119,1,2,13,2,-57,3.847,2765.3,TRUE,FALSE,FALSE,327.8198
Dec 08 2024 18:26:06.799 UTC,1733700366.799,2875.8,39.08191,-75.87623,22,3,75,482,-119,1,1,14,2,-57,3.847,2813.8,TRUE,FALSE,FALSE,334.7939
Dec 08 2024 18:26:06.899 UTC,1733700366.899,2923.9,39.08190,-75.87625,22,3,75,478,-119,1,1,14,3,-57,3.847,2861.9,TRUE,FALSE,FALSE,342.5120
Dec 08 2024 18:26:07.000 UTC,1733700367.0,2971.4,39.08189,-75.87627,22,3,75,472,-119,1,1,14,3,-57,3.847,2909.4,TRUE,FALSE,FALSE,350.2300
Dec 08 2024 18:26:07.199 UTC,1733700367.199,3065.1,39.08187,-75.87632,22,3,74,464,-119,1,1,14,3,-54,3.847,3003.1,TRUE,FALSE,FALSE,364.9249
Dec 08 2024 18:26:07.299 UTC,1733700367.299,3111.3,39.08186,-75.87634,22,3,74,459,-119,1,1,15,2,-54,3.847,3049.3,TRUE,FALSE,FALSE,372.6427
Dec 08 2024 18:26:07.399 UTC,1733700367.399,3157.0,39.08185,-75.87637,22,3,74,455,-119,1,1,15,2,-54,3.847,3095.0,TRUE,FALSE,FALSE,379.6225
Dec 08 2024 18:26:07.499 UTC,1733700367.499,3202.3,39.08184,-75.87639,22,3,74,450,-119,1,1,14,3,-54,3.841,3140.3,TRUE,FALSE,FALSE,387.3402
Dec 08 2024 18:26:07.599 UTC,1733700367.599,3247.1,39.08183,-75.87641,22,3,73,445,-119,1,1,13,4,-54,3.841,3185.1,TRUE,FALSE,FALSE,394.3224
Dec 08 2024 18:26:07.699 UTC,1733700367.699,3291.5,39.08182,-75.87643,22,3,73,441,-119,1,1,12,5,-54,3.841,3229.5,TRUE,FALSE,FALSE,402.0399
Dec 08 2024 18:26:07.799 UTC,1733700367.799,3335.4,39.08181,-75.87646,22,3,73,437,-119,1,1,11,6,-54,3.841,3273.4,TRUE,FALSE,FALSE,409.7571
Dec 08 2024 18:26:07.899 UTC,1733700367.899,3378.9,39.08180,-75.87648,22,3,72,432,-119,1,1,11,6,-54,3.841,3316.9,TRUE,FALSE,FALSE,416.7416
Dec 08 2024 18:26:08.000 UTC,1733700368.0,3422.0,39.08179,-75.87650,22,3,72,428,-119,1,1,11,6,-54,3.841,3360.0,TRUE,FALSE,FALSE,424.4585
Dec 08 2024 18:26:08.199 UTC,1733700368.199,3506.8,39.08177,-75.87655,21,3,72,419,-119,1,1,12,5,-60,3.841,3444.8,TRUE,FALSE,FALSE,439.1618
Dec 08 2024 18:26:08.299 UTC,1733700368.299,3548.6,39.08176,-75.87657,21,3,71,415,-119,1,1,11,6,-60,3.841,3486.6,TRUE,FALSE,FALSE,446.8786
Dec 08 2024 18:26:08.399 UTC,1733700368.399,3590.0,39.08175,-75.87659,22,3,71,411,-119,1,2,11,6,-60,3.841,3528.0,TRUE,FALSE,FALSE,453.8667
Dec 08 2024 18:26:08.499 UTC,1733700368.499,3630.8,39.08174,-75.87662,23,3,71,406,-119,1,3,10,6,-60,3.841,3568.8,TRUE,FALSE,FALSE,461.5831
Dec 08 2024 18:26:08.599 UTC,1733700368.599,3671.3,39.08173,-75.87663,23,3,71,402,-119,1,3,10,6,-60,3.841,3609.3,TRUE,FALSE,FALSE,466.7274
Dec 08 2024 18:26:08.699 UTC,1733700368.699,3711.3,39.08172,-75.87666,22,3,71,398,-120,1,3,10,6,-60,3.841,3649.3,TRUE,FALSE,FALSE,474.4440
Dec 08 2024 18:26:08.799 UTC,1733700368.799,3750.9,39.08171,-75.87668,23,3,70,394,-120,1,3,9,6,-60,3.841,3688.9,TRUE,FALSE,FALSE,481.4335
Dec 08 2024 18:26:08.899 UTC,1733700368.899,3790.1,39.08170,-75.87670,23,3,70,389,-120,1,3,9,6,-60,3.841,3728.1,TRUE,FALSE,FALSE,489.1496
Dec 08 2024 18:26:09.000 UTC,1733700369.0,3828.9,39.08169,-75.87672,23,3,70,385,-120,1,3,9,6,-60,3.841,3766.9,TRUE,FALSE,FALSE,496.1407
Dec 08 2024 18:26:09.199 UTC,1733700369.199,3905.2,39.08167,-75.87676,23,3,70,377,-120,1,4,9,5,-60,3.841,3843.2,TRUE,FALSE,FALSE,509.7266
Dec 08 2024 18:26:09.299 UTC,1733700369.299,3942.7,39.08166,-75.87679,24,3,70,373,-120,1,4,9,6,-60,3.841,3880.7,TRUE,FALSE,FALSE,516.7168
Dec 08 2024 18:26:09.399 UTC,1733700369.399,3979.8,39.08165,-75.87681,23,3,70,369,-120,1,4,8,6,-60,3.841,3917.8,TRUE,FALSE,FALSE,524.4328
Dec 08 2024 18:26:09.499 UTC,1733700369.499,4016.5,39.08164,-75.87683,24,3,69,364,-120,1,4,9,6,-60,3.841,3954.5,TRUE,FALSE,FALSE,531.4244
Dec 08 2024 18:26:09.599 UTC,1733700369.599,4052.8,39.08163,-75.87685,25,3,69,361,-120,1,4,9,7,-60,3.841,3990.8,TRUE,FALSE,FALSE,539.1402
Dec 08 2024 18:26:09.699 UTC,1733700369.699,4088.7,39.08162,-75.87687,25,3,69,357,-120,1,4,9,7,-60,3.839,4026.7,TRUE,FALSE,FALSE,544.2842
Dec 08 2024 18:26:09.799 UTC,1733700369.799,4124.2,39.08161,-75.87689,24,3,69,353,-121,1,4,9,7,-60,3.839,4062.2,TRUE,FALSE,FALSE,552.0002
Dec 08 2024 18:26:09.899 UTC,1733700369.899,4159.3,39.08160,-75.87691,25,3,69,348,-120,1,4,9,8,-60,3.839,4097.3,TRUE,FALSE,FALSE,558.9926
Dec 08 2024 18:26:10.000 UTC,1733700370.0,4194.0,39.08159,-75.87694,25,3,69,344,-121,1,4,9,7,-60,3.839,4132.0,TRUE,FALSE,FALSE,566.7083
Dec 08 2024 18:26:10.199 UTC,1733700370.199,4262.2,39.08157,-75.87698,26,3,69,337,-121,1,5,9,7,-60,3.839,4200.2,TRUE,FALSE,FALSE,579.5679
Dec 08 2024 18:26:10.299 UTC,1733700370.299,4295.7,39.08156,-75.87700,25,3,68,333,-121,1,6,8,7,-60,3.839,4233.7,TRUE,FALSE,FALSE,587.2837
Dec 08 2024 18:26:10.399 UTC,1733700370.399,4328.8,39.08155,-75.87702,25,3,68,329,-121,1,6,8,7,-60,3.839,4266.8,TRUE,FALSE,FALSE,594.2768
Dec 08 2024 18:26:10.499 UTC,1733700370.499,4361.5,39.08154,-75.87704,25,3,68,325,-121,1,6,8,7,-60,3.839,4299.5,TRUE,FALSE,FALSE,600.1437
Dec 08 2024 18:26:10.599 UTC,1733700370.599,4393.8,39.08153,-75.87706,25,3,68,321,-121,1,5,9,7,-60,3.839,4331.8,TRUE,FALSE,FALSE,607.8598
Dec 08 2024 18:26:10.699 UTC,1733700370.699,4425.8,39.08152,-75.87708,25,3,68,317,-121,1,4,11,6,-60,3.839,4363.8,TRUE,FALSE,FALSE,614.8517
Dec 08 2024 18:26:10.799 UTC,1733700370.799,4457.3,39.08151,-75.87710,25,3,68,313,-122,1,4,11,6,-60,3.839,4395.3,TRUE,FALSE,FALSE,620.7199
Dec 08 2024 18:26:10.899 UTC,1733700370.899,4488.5,39.08150,-75.87712,25,3,68,310,-122,1,4,11,6,-60,3.839,4426.5,TRUE,FALSE,FALSE,627.7114
Dec 08 2024 18:26:11.000 UTC,1733700371.0,4519.3,39.08149,-75.87714,25,3,68,306,-122,1,4,11,6,-60,3.839,4457.3,TRUE,FALSE,FALSE,635.4273
Dec 08 2024 18:26:11.199 UTC,1733700371.199,4579.7,39.08147,-75.87718,25,3,67,298,-122,1,5,9,7,-60,3.839,4517.7,TRUE,FALSE,FALSE,648.2873
Dec 08 2024 18:26:11.299 UTC,1733700371.299,4609.4,39.08146,-75.87720,25,3,67,294,-122,1,6,8,7,-60,3.839,4547.4,TRUE,FALSE,FALSE,656.0034
Dec 08 2024 18:26:11.399 UTC,1733700371.399,4638.7,39.08146,-75.87722,25,3,67,291,-122,1,7,6,8,-60,3.839,4576.7,TRUE,FALSE,FALSE,661.1475
Dec 08 2024 18:26:11.499 UTC,1733700371.499,4667.6,39.08144,-75.87724,27,3,67,287,-122,1,7,7,9,-60,3.839,4605.6,TRUE,FALSE,FALSE,668.8637
Dec 08 2024 18:26:11.599 UTC,1733700371.599,4696.1,39.08143,-75.87727,26,3,67,283,-123,1,7,7,8,-60,3.839,4634.1,TRUE,FALSE,FALSE,676.5798
Dec 08 2024 18:26:11.699 UTC,1733700371.699,4724.3,39.08142,-75.87728,26,3,67,279,-123,1,7,8,7,-60,3.839,4662.3,TRUE,FALSE,FALSE,681.7239
Dec 08 2024 18:26:11.799 UTC,1733700371.799,4752.1,39.08141,-75.87730,26,3,67,276,-123,1,7,8,7,-60,3.839,4690.1,TRUE,FALSE,FALSE,689.4402
Dec 08 2024 18:26:11.899 UTC,1733700371.899,4779.5,39.08140,-75.87732,26,3,67,272,-123,1,6,9,7,-60,3.84,4717.5,TRUE,FALSE,FALSE,695.3121
Dec 08 2024 18:26:12.000 UTC,1733700372.0,4806.7,39.08139,-75.87734,26,3,67,269,-123,1,5,10,7,-60,3.84,4744.7,TRUE,FALSE,FALSE,702.3009
Dec 08 2024 18:26:12.099 UTC,1733700372.099,4833.4,39.08138,-75.87737,26,3,66,265,-123,1,5,11,6,-60,3.84,4771.4,TRUE,FALSE,FALSE,710.0174
Dec 08 2024 18:26:12.199 UTC,1733700372.199,4859.7,39.08137,-75.87738,26,3,66,261,-123,1,5,10,6,-60,3.84,4797.7,TRUE,FALSE,FALSE,715.8900
Dec 08 2024 18:26:12.299 UTC,1733700372.299,4885.7,39.08136,-75.87740,26,3,66,258,-123,1,5,10,6,-60,3.84,4823.7,TRUE,FALSE,FALSE,722.8781
Dec 08 2024 18:26:12.399 UTC,1733700372.399,4911.3,39.08135,-75.87742,27,3,66,254,-123,1,5,10,7,-60,3.84,4849.3,TRUE,FALSE,FALSE,728.7513
Dec 08 2024 18:26:12.499 UTC,1733700372.499,4936.6,39.08134,-75.87744,27,3,66,250,-124,1,5,11,6,-60,3.84,4874.6,TRUE,FALSE,FALSE,736.4682
Dec 08 2024 18:26:12.599 UTC,1733700372.599,4961.5,39.08133,-75.87746,27,3,66,247,-124,1,4,13,5,-60,3.84,4899.5,TRUE,FALSE,FALSE,741.6127
Dec 08 2024 18:26:12.699 UTC,1733700372.699,4986.1,39.08132,-75.87748,27,3,66,243,-124,1,5,13,4,-60,3.84,4924.1,TRUE,FALSE,FALSE,749.3296
Dec 08 2024 18:26:12.899 UTC,1733700372.899,5034.1,39.08130,-75.87752,27,3,66,236,-124,1,4,16,2,-60,3.84,4972.1,TRUE,FALSE,FALSE,762.1912
Dec 08 2024 18:26:13.000 UTC,1733700373.0,5057.6,39.08129,-75.87754,27,3,65,233,-124,1,5,15,2,-60,3.84,4995.6,TRUE,FALSE,FALSE,769.9082
Dec 08 2024 18:26:13.199 UTC,1733700373.199,5103.5,39.08127,-75.87758,27,3,65,225,-124,1,6,14,3,-60,3.84,5041.5,TRUE,FALSE,FALSE,782.7699
Dec 08 2024 18:26:13.299 UTC,1733700373.299,5126.0,39.08126,-75.87759,27,3,65,222,-125,1,6,14,3,-60,3.84,5064.0,TRUE,FALSE,FALSE,788.6473
Dec 08 2024 18:26:13.399 UTC,1733700373.399,5148.0,39.08125,-75.87762,27,3,65,218,-125,1,6,14,3,-60,3.84,5086.0,TRUE,FALSE,FALSE,796.3645
Dec 08 2024 18:26:13.499 UTC,1733700373.499,5169.8,39.08124,-75.87763,26,3,65,215,-125,1,6,13,3,-60,3.84,5107.8,TRUE,FALSE,FALSE,802.2441
Dec 08 2024 18:26:13.599 UTC,1733700373.599,5191.1,39.08123,-75.87766,26,3,65,212,-125,1,7,12,3,-60,3.84,5129.1,TRUE,FALSE,FALSE,809.2267
Dec 08 2024 18:26:13.699 UTC,1733700373.699,5212.2,39.08122,-75.87767,27,3,65,208,-125,1,7,12,4,-60,3.84,5150.2,TRUE,FALSE,FALSE,815.1067
Dec 08 2024 18:26:13.799 UTC,1733700373.799,5232.9,39.08121,-75.87769,27,3,64,204,-125,1,7,13,3,-60,3.84,5170.9,TRUE,FALSE,FALSE,820.9885
Dec 08 2024 18:26:13.899 UTC,1733700373.899,5253.2,39.08120,-75.87771,27,3,64,201,-125,1,7,13,3,-60,3.84,5191.2,TRUE,FALSE,FALSE,827.9693
Dec 08 2024 18:26:14.000 UTC,1733700374.0,5273.2,39.08119,-75.87772,27,3,64,198,-125,1,7,13,3,-60,3.823,5211.2,TRUE,FALSE,FALSE,833.8514
Dec 08 2024 18:26:14.199 UTC,1733700374.199,5312.1,39.08117,-75.87776,27,3,64,191,-126,1,7,14,2,-60,3.823,5250.1,TRUE,FALSE,FALSE,847.4533
Dec 08 2024 18:26:14.299 UTC,1733700374.299,5331.1,39.08116,-75.87778,28,3,64,187,-126,1,7,14,3,-60,3.823,5269.1,TRUE,FALSE,FALSE,854.4321
Dec 08 2024 18:26:14.399 UTC,1733700374.399,5349.7,39.08115,-75.87780,27,3,64,184,-126,1,6,15,2,-60,3.823,5287.7,TRUE,FALSE,FALSE,860.3166
Dec 08 2024 18:26:14.499 UTC,1733700374.499,5368.0,39.08113,-75.87782,27,3,64,180,-126,1,5,16,2,-60,3.823,5306.0,TRUE,FALSE,FALSE,866.2028
Dec 08 2024 18:26:14.599 UTC,1733700374.599,5385.9,39.08113,-75.87784,27,3,64,177,-126,1,5,16,2,-60,3.823,5323.9,TRUE,FALSE,FALSE,873.1799
Dec 08 2024 18:26:14.699 UTC,1733700374.699,5403.6,39.08112,-75.87785,27,3,64,174,-126,1,4,17,2,-60,3.823,5341.6,TRUE,FALSE,FALSE,879.0663
Dec 08 2024 18:26:14.799 UTC,1733700374.799,5420.8,39.08110,-75.87788,27,3,64,170,-126,1,5,16,2,-60,3.823,5358.8,TRUE,FALSE,FALSE,886.7844
Dec 08 2024 18:26:14.899 UTC,1733700374.899,5437.7,39.08109,-75.87789,27,3,63,167,-126,1,5,17,1,-60,3.823,5375.7,TRUE,FALSE,FALSE,892.6727
Dec 08 2024 18:26:15.199 UTC,1733700375.199,5486.5,39.08106,-75.87794,28,3,63,157,-126,1,5,17,2,-60,3.823,5424.5,TRUE,FALSE,FALSE,911.4265
Dec 08 2024 18:26:15.299 UTC,1733700375.299,5502.1,39.08105,-75.87796,27,3,63,154,-127,1,4,18,1,-60,3.823,5440.1,TRUE,FALSE,FALSE,917.3182
Dec 08 2024 18:26:15.399 UTC,1733700375.399,5517.3,39.08104,-75.87798,27,3,63,150,-127,1,4,18,1,-60,3.823,5455.3,TRUE,FALSE,FALSE,924.2903
Dec 08 2024 18:26:15.499 UTC,1733700375.499,5532.2,39.08103,-75.87800,27,3,63,147,-127,1,3,19,1,-60,3.823,5470.2,TRUE,FALSE,FALSE,930.1822
Dec 08 2024 18:26:15.599 UTC,1733700375.599,5546.8,39.08102,-75.87801,27,3,63,144,-127,1,3,20,0,-60,3.823,5484.8,TRUE,FALSE,FALSE,936.0757
Dec 08 2024 18:26:15.699 UTC,1733700375.699,5561.1,39.08101,-75.87804,27,3,63,140,-127,1,3,20,0,-60,3.823,5499.1,TRUE,FALSE,FALSE,943.7940
Dec 08 2024 18:26:15.799 UTC,1733700375.799,5575.0,39.08100,-75.87805,27,3,62,137,-127,1,3,20,0,-60,3.823,5513.0,TRUE,FALSE,FALSE,948.9397
Dec 08 2024 18:26:15.899 UTC,1733700375.899,5588.6,39.08099,-75.87807,27,3,62,134,-127,1,3,19,1,-60,3.823,5526.6,TRUE,FALSE,FALSE,954.8347
Dec 08 2024 18:26:16.000 UTC,1733700376.0,5601.8,39.08098,-75.87809,27,3,63,130,-127,1,3,19,1,-60,3.823,5539.8,TRUE,FALSE,FALSE,962.5533
Dec 08 2024 18:26:16.199 UTC,1733700376.199,5627.4,39.08096,-75.87812,27,3,62,124,-127,1,3,19,1,-60,3.823,5565.4,TRUE,FALSE,FALSE,973.5955
Dec 08 2024 18:26:16.399 UTC,1733700376.399,5651.6,39.08094,-75.87816,26,3,62,117,-127,1,3,17,2,-60,3.838,5589.6,TRUE,FALSE,FALSE,987.2120
Dec 08 2024 18:26:16.499 UTC,1733700376.499,5663.2,39.08092,-75.87817,26,3,62,114,-127,1,3,17,1,-60,3.838,5601.2,TRUE,FALSE,FALSE,993.1115
Dec 08 2024 18:26:16.599 UTC,1733700376.599,5674.5,39.08092,-75.87820,27,3,62,111,-127,1,3,18,1,-60,3.838,5612.5,TRUE,FALSE,FALSE,1000.0763
Dec 08 2024 18:26:16.699 UTC,1733700376.699,5685.4,39.08091,-75.87821,27,3,62,107,-128,1,0,21,1,-60,3.838,5623.4,TRUE,FALSE,FALSE,1005.9757
Dec 08 2024 18:26:16.799 UTC,1733700376.799,5696.1,39.08089,-75.87823,27,3,62,105,-128,1,0,21,1,-60,3.838,5634.1,TRUE,FALSE,FALSE,1011.8765
Dec 08 2024 18:26:16.899 UTC,1733700376.899,5706.4,39.08088,-75.87824,27,3,61,101,-128,1,0,21,1,-60,3.838,5644.4,TRUE,FALSE,FALSE,1017.7787
Dec 08 2024 18:26:17.000 UTC,1733700377.0,5716.4,39.08088,-75.87827,27,3,62,98,-128,1,0,21,1,-60,3.838,5654.4,TRUE,FALSE,FALSE,1024.7407
Dec 08 2024 18:26:17.199 UTC,1733700377.199,5735.3,39.08085,-75.87830,27,3,61,91,-128,1,0,20,3,-60,3.838,5673.3,TRUE,FALSE,FALSE,1036.5464
Dec 08 2024 18:26:17.299 UTC,1733700377.299,5744.4,39.08084,-75.87831,27,3,61,88,-128,1,0,20,3,-60,3.838,5682.4,TRUE,FALSE,FALSE,1042.4511
Dec 08 2024 18:26:17.399 UTC,1733700377.399,5753.0,39.08083,-75.87833,27,3,61,85,-128,1,0,21,2,-60,3.838,5691.0,TRUE,FALSE,FALSE,1050.1696
Dec 08 2024 18:26:17.499 UTC,1733700377.499,5761.4,39.08082,-75.87835,27,3,61,81,-128,1,0,21,2,-60,3.838,5699.4,TRUE,FALSE,FALSE,1055.3153
Dec 08 2024 18:26:17.599 UTC,1733700377.599,5769.4,39.08081,-75.87836,27,3,61,78,-128,1,0,21,2,-60,3.838,5707.4,TRUE,FALSE,FALSE,1061.2212
Dec 08 2024 18:26:17.699 UTC,1733700377.699,5777.1,39.08080,-75.87838,27,3,61,75,-128,1,1,20,2,-60,3.838,5715.1,TRUE,FALSE,FALSE,1067.1283
Dec 08 2024 18:26:17.899 UTC,1733700377.899,5791.6,39.08078,-75.87842,27,3,61,68,-128,1,1,20,2,-60,3.838,5729.6,TRUE,FALSE,FALSE,1079.9923
Dec 08 2024 18:26:18.000 UTC,1733700378.0,5798.3,39.08077,-75.87843,27,3,61,65,-128,1,2,19,2,-60,3.838,5736.3,TRUE,FALSE,FALSE,1085.9005
Dec 08 2024 18:26:18.199 UTC,1733700378.199,5810.9,39.08075,-75.87846,27,3,61,59,-128,1,2,20,1,-60,3.838,5748.9,TRUE,FALSE,FALSE,1097.7205
Dec 08 2024 18:26:18.299 UTC,1733700378.299,5816.6,39.08074,-75.87848,28,3,60,56,-129,1,2,20,1,-60,3.838,5754.6,TRUE,FALSE,FALSE,1102.8659
Dec 08 2024 18:26:18.399 UTC,1733700378.399,5822.1,39.08073,-75.87850,27,3,60,52,-129,1,3,20,1,-60,3.838,5760.1,TRUE,FALSE,FALSE,1110.5842
Dec 08 2024 18:26:18.499 UTC,1733700378.499,5827.2,39.08072,-75.87852,27,3,60,49,-129,1,3,20,1,-60,3.842,5765.2,TRUE,FALSE,FALSE,1116.4957
Dec 08 2024 18:26:18.599 UTC,1733700378.599,5832.0,39.08070,-75.87853,27,3,60,46,-129,1,3,20,1,-60,3.842,5770.0,TRUE,FALSE,FALSE,1122.4084
Dec 08 2024 18:26:18.699 UTC,1733700378.699,5836.5,39.08070,-75.87855,27,3,60,43,-129,1,2,20,1,-60,3.842,5774.5,TRUE,FALSE,FALSE,1127.5538
Dec 08 2024 18:26:18.799 UTC,1733700378.799,5840.7,39.08068,-75.87856,27,3,60,40,-129,1,2,20,1,-60,3.842,5778.7,TRUE,FALSE,FALSE,1133.4675
Dec 08 2024 18:26:18.899 UTC,1733700378.899,5844.5,39.08067,-75.87859,27,3,60,36,-129,1,2,20,1,-60,3.842,5782.5,TRUE,FALSE,FALSE,1141.1854
Dec 08 2024 18:26:19.000 UTC,1733700379.0,5848.1,39.08066,-75.87860,27,3,60,33,-129,1,2,19,2,-60,3.842,5786.1,TRUE,FALSE,FALSE,1147.1001
Dec 08 2024 18:26:19.199 UTC,1733700379.199,5854.2,39.08064,-75.87863,28,3,60,27,-129,1,3,18,2,-60,3.842,5792.2,TRUE,FALSE,FALSE,1158.1610
Dec 08 2024 18:26:19.299 UTC,1733700379.299,5856.7,39.08063,-75.87865,27,3,60,23,-129,1,3,17,3,-60,3.842,5794.7,TRUE,FALSE,FALSE,1164.0777
Dec 08 2024 18:26:19.499 UTC,1733700379.499,5860.9,39.08061,-75.87868,27,3,60,17,-129,1,3,17,3,-60,3.842,5798.9,TRUE,FALSE,FALSE,1177.7130
Dec 08 2024 18:26:19.599 UTC,1733700379.599,5862.5,39.08060,-75.87870,27,3,60,14,-129,1,2,18,3,-60,3.842,5800.5,TRUE,FALSE,FALSE,1182.8580
Dec 08 2024 18:26:19.699 UTC,1733700379.699,5863.8,39.08059,-75.87872,27,3,60,11,-129,1,2,18,3,-60,3.842,5801.8,TRUE,FALSE,FALSE,1188.7765
Dec 08 2024 18:26:19.799 UTC,1733700379.799,5864.8,39.08058,-75.87873,27,3,60,8,-129,1,1,19,3,-60,3.842,5802.8,TRUE,FALSE,FALSE,1194.6959
Dec 08 2024 18:26:19.899 UTC,1733700379.899,5865.5,39.08057,-75.87875,27,3,60,5,-129,1,1,19,3,-60,3.842,5803.5,TRUE,TRUE,FALSE,1200.6163
Dec 08 2024 18:26:20.000 UTC,1733700380.0,5865.8,39.08056,-75.87876,27,3,60,1,-129,1,0,20,3,-60,3.842,5803.8,TRUE,TRUE,FALSE,1205.7611
Dec 08 2024 18:26:20.199 UTC,1733700380.199,5865.6,39.08054,-75.87880,27,3,60,-4,-129,1,0,21,2,-60,3.842,5803.6,TRUE,TRUE,FALSE,1219.3995
Dec 08 2024 18:26:20.299 UTC,1733700380.299,5864.9,39.08052,-75.87881,27,3,74,-7,-120,1,0,20,3,-60,3.842,5802.9,TRUE,TRUE,FALSE,1225.3216
Dec 08 2024 18:26:20.399 UTC,1733700380.399,5864.0,39.08052,-75.87884,27,3,74,-9,-120,1,0,20,3,-60,3.842,5802.0,TRUE,TRUE,FALSE,1232.2615
Dec 08 2024 18:26:20.499 UTC,1733700380.499,5862.9,39.08051,-75.87886,27,3,71,-13,-121,1,0,20,3,-60,3.842,5800.9,TRUE,TRUE,FALSE,1239.9786
Dec 08 2024 18:26:20.599 UTC,1733700380.599,5861.4,39.08049,-75.87888,27,3,70,-17,-122,1,0,20,3,-60,3.842,5799.4,TRUE,TRUE,FALSE,1247.6959
Dec 08 2024 18:26:20.699 UTC,1733700380.699,5859.4,39.08048,-75.87890,27,3,70,-20,-122,1,0,20,3,-60,3.84,5797.4,TRUE,TRUE,FALSE,1253.6174
Dec 08 2024 18:26:20.799 UTC,1733700380.799,5857.2,39.08047,-75.87892,27,3,69,-23,-123,1,0,18,5,-60,3.84,5795.2,TRUE,TRUE,FALSE,1260.5579
Dec 08 2024 18:26:20.899 UTC,1733700380.899,5854.7,39.08046,-75.87894,27,3,69,-26,-124,1,0,17,5,-60,3.84,5792.7,TRUE,TRUE,FALSE,1268.2751
Dec 08 2024 18:26:21.000 UTC,1733700381.0,5851.9,39.08045,-75.87896,27,3,64,-29,-127,1,0,16,6,-60,3.84,5789.9,TRUE,TRUE,FALSE,1274.1964
Dec 08 2024 18:26:21.199 UTC,1733700381.199,5845.4,39.08043,-75.87899,27,3,51,-35,-132,1,0,14,8,-58,3.84,5783.4,TRUE,TRUE,FALSE,1285.2632
Dec 08 2024 18:26:21.299 UTC,1733700381.299,5841.9,39.08042,-75.87901,27,3,52,-36,-140,1,0,17,5,-58,3.84,5779.9,TRUE,TRUE,FALSE,1291.1861
Dec 08 2024 18:26:21.399 UTC,1733700381.399,5838.2,39.08041,-75.87902,27,3,52,-39,-146,1,0,16,6,-58,3.84,5776.2,TRUE,TRUE,FALSE,1297.1098
Dec 08 2024 18:26:21.499 UTC,1733700381.499,5834.2,39.08040,-75.87903,27,3,50,-40,-149,1,0,17,5,-58,3.84,5772.2,TRUE,TRUE,FALSE,1301.2434
Dec 08 2024 18:26:21.599 UTC,1733700381.599,5830.3,39.08039,-75.87904,27,3,48,-35,-152,1,0,17,5,-58,3.84,5768.3,TRUE,TRUE,FALSE,1305.3808
Dec 08 2024 18:26:21.699 UTC,1733700381.699,5827.1,39.08038,-75.87904,27,3,45,-29,-150,1,1,16,6,-58,3.84,5765.1,TRUE,TRUE,FALSE,1309.5221
Dec 08 2024 18:26:21.799 UTC,1733700381.799,5823.9,39.08036,-75.87905,28,3,41,-34,-145,1,0,20,3,-58,3.84,5761.9,TRUE,TRUE,FALSE,1313.6672
Dec 08 2024 18:26:21.899 UTC,1733700381.899,5820.0,39.08036,-75.87906,27,3,38,-43,-153,1,0,14,9,-58,3.84,5758.0,TRUE,TRUE,FALSE,1317.0269
Dec 08 2024 18:26:22.000 UTC,1733700382.0,5815.6,39.08035,-75.87907,27,3,41,-46,-170,1,0,15,8,-58,3.84,5753.6,TRUE,TRUE,FALSE,1321.1776
Dec 08 2024 18:26:22.199 UTC,1733700382.199,5805.7,39.08032,-75.87907,27,3,47,-52,175,1,0,15,8,-58,3.84,5743.7,TRUE,TRUE,FALSE,1326.7350
Dec 08 2024 18:26:23.000 UTC,1733700383.0,5764.5,39.08022,-75.87906,27,3,50,-55,169,1,2,10,11,-58,3.843,5702.5,TRUE,TRUE,FALSE,1345.2257
Dec 08 2024 18:26:24.000 UTC,1733700384.0,5702.5,39.08011,-75.87898,27,3,42,-67,149,1,3,8,10,-59,3.843,5640.5,TRUE,TRUE,FALSE,1352.3807
Dec 08 2024 18:26:25.000 UTC,1733700385.0,5616.7,39.08002,-75.87893,27,3,43,-93,138,1,1,9,11,-59,3.843,5554.7,TRUE,TRUE,FALSE,1361.5675
Dec 08 2024 18:26:26.000 UTC,1733700386.0,5530.4,39.07991,-75.87885,28,3,51,-81,152,1,2,15,7,-57,3.839,5468.4,TRUE,TRUE,FALSE,1368.8519
Dec 08 2024 18:26:27.000 UTC,1733700387.0,5449.7,39.07980,-75.87875,27,3,40,-76,141,1,1,17,4,-57,3.839,5387.7,TRUE,TRUE,FALSE,1377.9597
Dec 08 2024 18:26:28.000 UTC,1733700388.0,5372.5,39.07968,-75.87866,28,3,46,-74,154,1,2,11,11,-57,3.84,5310.5,TRUE,TRUE,FALSE,1390.7407
Dec 08 2024 18:26:30.000 UTC,1733700390.0,5216.3,39.07945,-75.87849,28,3,49,-79,142,1,0,9,14,-58,3.84,5154.3,TRUE,TRUE,FALSE,1417.6944
Dec 08 2024 18:26:31.000 UTC,1733700391.0,5135.2,39.07934,-75.87838,28,3,56,-79,144,1,3,9,11,-65,3.84,5073.2,TRUE,TRUE,FALSE,1430.5579
Dec 08 2024 18:26:32.000 UTC,1733700392.0,5053.9,39.07922,-75.87828,28,3,52,-82,146,1,1,13,6,-63,3.836,4991.9,TRUE,TRUE,FALSE,1447.5607
Dec 08 2024 18:26:33.000 UTC,1733700393.0,4973.3,39.07909,-75.87817,28,3,55,-80,146,1,0,15,8,-66,3.836,4911.3,TRUE,TRUE,FALSE,1468.2997
Dec 08 2024 18:26:34.000 UTC,1733700394.0,4892.2,39.07896,-75.87806,28,3,62,-84,147,1,0,11,12,-64,3.824,4830.2,TRUE,TRUE,FALSE,1489.8658
Dec 08 2024 18:26:35.000 UTC,1733700395.0,4809.2,39.07883,-75.87794,28,3,61,-83,149,1,3,11,8,-64,3.824,4747.2,TRUE,TRUE,FALSE,1512.0257
Dec 08 2024 18:26:36.000 UTC,1733700396.0,4726.1,39.07870,-75.87783,28,3,66,-82,145,1,2,11,10,-65,3.824,4664.1,TRUE,TRUE,FALSE,1538.3732
Dec 08 2024 18:26:37.000 UTC,1733700397.0,4645.0,39.07856,-75.87772,28,3,62,-84,144,1,1,14,8,-65,3.841,4583.0,TRUE,TRUE,FALSE,1568.9570
Dec 08 2024 18:26:38.000 UTC,1733700398.0,4561.4,39.07842,-75.87759,28,3,58,-81,145,1,4,11,8,-65,3.841,4499.4,TRUE,TRUE,FALSE,1599.1021
Dec 08 2024 18:26:39.000 UTC,1733700399.0,4480.8,39.07829,-75.87747,28,3,51,-82,141,1,5,10,7,-52,3.841,4418.8,TRUE,TRUE,FALSE,1629.6848
Dec 08 2024 18:26:40.000 UTC,1733700400.0,4396.7,39.07817,-75.87736,28,3,54,-85,137,1,4,10,7,-52,3.841,4334.7,TRUE,TRUE,FALSE,1657.4491
Dec 08 2024 18:26:41.000 UTC,1733700401.0,4314.9,39.07804,-75.87725,28,3,48,-77,144,1,0,14,9,-60,3.836,4252.9,TRUE,TRUE,FALSE,1689.8415
Dec 08 2024 18:26:42.000 UTC,1733700402.0,4237.4,39.07793,-75.87715,28,3,51,-75,149,1,5,14,4,-60,3.836,4175.4,TRUE,TRUE,FALSE,1721.4235
Dec 08 2024 18:26:43.000 UTC,1733700403.0,4161.0,39.07780,-75.87706,28,3,50,-77,146,1,5,10,7,-64,3.84,4099.0,TRUE,TRUE,FALSE,1757.2520
Dec 08 2024 18:26:44.000 UTC,1733700404.0,4081.4,39.07766,-75.87695,28,3,58,-81,143,1,1,13,7,-60,3.84,4019.4,TRUE,TRUE,FALSE,1796.1689
Dec 08 2024 18:26:45.000 UTC,1733700405.0,4000.1,39.07754,-75.87682,28,3,57,-89,138,1,0,12,11,-60,3.84,3938.1,TRUE,TRUE,FALSE,1830.2699
Dec 08 2024 18:26:46.000 UTC,1733700406.0,3918.6,39.07741,-75.87667,28,3,54,-75,138,1,2,13,9,-56,3.845,3856.6,TRUE,TRUE,FALSE,1866.2569
Dec 08 2024 18:26:47.000 UTC,1733700407.0,3835.1,39.07731,-75.87654,28,3,51,-83,130,1,1,13,6,-70,3.845,3773.1,TRUE,TRUE,FALSE,1895.4188
Dec 08 2024 18:26:48.000 UTC,1733700408.0,3749.3,39.07721,-75.87640,28,3,59,-84,127,1,0,11,11,-70,3.841,3687.3,TRUE,TRUE,FALSE,1922.0830
Dec 08 2024 18:26:49.000 UTC,1733700409.0,3660.8,39.07713,-75.87624,28,3,56,-89,127,1,2,14,6,-57,3.841,3598.8,TRUE,TRUE,FALSE,1946.4765
Dec 08 2024 18:26:50.000 UTC,1733700410.0,3575.3,39.07703,-75.87607,28,3,58,-79,121,1,0,17,6,-60,3.838,3513.3,TRUE,TRUE,FALSE,1973.2564
Dec 08 2024 18:26:51.000 UTC,1733700411.0,3494.6,39.07692,-75.87590,28,3,76,-79,122,1,0,12,8,-67,3.838,3432.6,TRUE,TRUE,FALSE,2011.0771
Dec 08 2024 18:26:52.000 UTC,1733700412.0,3414.1,39.07683,-75.87569,28,3,70,-81,126,1,0,14,8,-52,3.842,3352.1,TRUE,TRUE,FALSE,2036.9773
Dec 08 2024 18:26:53.000 UTC,1733700413.0,3336.0,39.07673,-75.87549,28,3,75,-77,122,1,4,13,6,-61,3.842,3274.0,TRUE,TRUE,FALSE,2073.0144
Dec 08 2024 18:26:54.000 UTC,1733700414.0,3259.9,39.07661,-75.87528,28,3,73,-75,126,1,1,16,6,-67,3.838,3197.9,TRUE,TRUE,FALSE,2113.5602
Dec 08 2024 18:26:55.000 UTC,1733700415.0,3181.8,39.07651,-75.87510,28,3,66,-78,123,1,2,7,14,-63,3.838,3119.8,TRUE,TRUE,FALSE,2150.0440
Dec 08 2024 18:26:56.000 UTC,1733700416.0,3103.6,39.07640,-75.87489,28,3,61,-77,122,1,1,13,9,-50,3.838,3041.6,TRUE,TRUE,FALSE,2192.1996
Dec 08 2024 18:26:57.000 UTC,1733700417.0,3022.7,39.07632,-75.87472,28,3,56,-84,116,1,0,3,17,-50,3.839,2960.7,TRUE,TRUE,FALSE,2225.5071
Dec 08 2024 18:26:58.000 UTC,1733700418.0,2939.8,39.07625,-75.87454,28,3,61,-82,111,1,5,6,9,-48,3.839,2877.8,TRUE,TRUE,FALSE,2252.8947
Dec 08 2024 18:26:59.000 UTC,1733700419.0,2854.7,39.07620,-75.87436,28,3,53,-82,107,1,5,11,7,-46,3.844,2792.7,TRUE,TRUE,FALSE,2277.3622
Dec 08 2024 18:27:00.000 UTC,1733700420.0,2771.4,39.07616,-75.87418,28,3,52,-79,100,1,2,13,8,-51,3.844,2709.4,TRUE,TRUE,FALSE,2297.0997
Dec 08 2024 18:27:01.000 UTC,1733700421.0,2689.4,39.07613,-75.87403,28,3,42,-81,97,1,2,16,5,-58,3.844,2627.4,TRUE,TRUE,FALSE,2314.1045
Dec 08 2024 18:27:02.000 UTC,1733700422.0,2610.3,39.07610,-75.87389,28,3,40,-80,104,1,0,11,11,-53,3.844,2548.3,TRUE,TRUE,FALSE,2330.1127
Dec 08 2024 18:27:03.000 UTC,1733700423.0,2532.0,39.07607,-75.87375,28,3,40,-76,101,1,0,11,11,-51,3.837,2470.0,TRUE,TRUE,FALSE,2349.1258
Dec 08 2024 18:27:04.000 UTC,1733700424.0,2454.1,39.07604,-75.87361,28,3,38,-74,106,1,1,13,8,-50,3.837,2392.1,TRUE,TRUE,FALSE,2367.3258
Dec 08 2024 18:27:05.000 UTC,1733700425.0,2375.3,39.07601,-75.87348,28,3,44,-83,115,1,1,14,8,-50,3.84,2313.3,TRUE,TRUE,FALSE,2384.2615
Dec 08 2024 18:27:06.000 UTC,1733700426.0,2294.1,39.07597,-75.87334,28,3,48,-82,109,1,0,12,11,-52,3.84,2232.1,TRUE,TRUE,FALSE,2407.5943
Dec 08 2024 18:27:07.000 UTC,1733700427.0,2209.1,39.07593,-75.87319,28,3,43,-86,112,1,3,19,1,-55,3.84,2147.1,TRUE,TRUE,FALSE,2431.0934
Dec 08 2024 18:27:08.000 UTC,1733700428.0,2123.6,39.07590,-75.87305,28,3,40,-86,104,1,0,10,10,-50,3.843,2061.6,TRUE,TRUE,FALSE,2451.4217
Dec 08 2024 18:27:09.000 UTC,1733700429.0,2042.2,39.07589,-75.87291,28,3,36,-79,87,1,0,10,12,-51,3.843,1980.2,TRUE,TRUE,FALSE,2467.4489
Dec 08 2024 18:27:10.000 UTC,1733700430.0,1965.0,39.07588,-75.87279,28,3,28,-75,90,1,3,14,5,-49,3.842,1903.0,TRUE,TRUE,FALSE,2479.5721
Dec 08 2024 18:27:11.000 UTC,1733700431.0,1890.7,39.07587,-75.87268,28,3,31,-74,102,1,1,14,7,-52,3.842,1828.7,TRUE,TRUE,FALSE,2489.5286
Dec 08 2024 18:27:12.000 UTC,1733700432.0,1816.3,39.07587,-75.87257,28,3,27,-76,86,1,3,9,10,-48,3.841,1754.3,TRUE,TRUE,FALSE,2500.4653
Dec 08 2024 18:27:13.000 UTC,1733700433.0,1736.4,39.07588,-75.87247,28,3,29,-81,82,1,1,8,14,-51,3.841,1674.4,TRUE,TRUE,FALSE,2505.1273
Dec 08 2024 18:27:14.000 UTC,1733700434.0,1652.6,39.07590,-75.87237,28,3,27,-79,77,1,3,12,7,-51,3.842,1590.6,TRUE,TRUE,FALSE,2508.7842
Dec 08 2024 18:27:15.000 UTC,1733700435.0,1574.2,39.07591,-75.87228,28,3,25,-77,104,1,4,13,5,-58,3.842,1512.2,TRUE,TRUE,FALSE,2511.3212
Dec 08 2024 18:27:16.000 UTC,1733700436.0,1493.6,39.07590,-75.87219,28,3,31,-79,96,1,0,15,8,-49,3.822,1431.6,TRUE,TRUE,FALSE,2523.9984
Dec 08 2024 18:27:17.000 UTC,1733700437.0,1413.1,39.07589,-75.87210,28,3,30,-82,109,1,3,12,7,-47,3.822,1351.1,TRUE,TRUE,FALSE,2536.8847
Dec 08 2024 18:27:18.000 UTC,1733700438.0,1329.8,39.07588,-75.87202,28,3,21,-86,102,1,2,15,6,-46,3.822,1267.8,TRUE,TRUE,FALSE,2549.2035
Dec 08 2024 18:27:19.000 UTC,1733700439.0,1246.3,39.07587,-75.87194,28,3,21,-83,70,1,3,14,5,-54,3.841,1184.3,TRUE,TRUE,FALSE,2560.9027
Dec 08 2024 18:27:20.000 UTC,1733700440.0,1160.8,39.07588,-75.87186,28,3,20,-83,100,1,4,12,7,-53,3.841,1098.8,TRUE,TRUE,FALSE,2564.4880
Dec 08 2024 18:27:21.000 UTC,1733700441.0,1076.2,39.07589,-75.87180,28,3,14,-85,73,1,0,14,7,-64,3.842,1014.2,TRUE,TRUE,FALSE,2566.3019
Dec 08 2024 18:27:22.000 UTC,1733700442.0,1004.0,39.07594,-75.87175,28,3,22,-51,4,1,0,5,15,-52,3.842,942.0,TRUE,TRUE,FALSE,2557.9231
Dec 08 2024 18:27:23.000 UTC,1733700443.0,941.5,39.07595,-75.87173,28,3,13,-65,106,1,6,12,5,-56,3.84,879.5,TRUE,TRUE,FALSE,2553.1726
Dec 08 2024 18:27:24.000 UTC,1733700444.0,872.6,39.07597,-75.87171,28,3,7,-73,16,1,6,15,2,-64,3.84,810.6,TRUE,TRUE,FALSE,2551.8496
Dec 08 2024 18:27:25.000 UTC,1733700445.0,804.2,39.07600,-75.87165,28,3,52,-49,64,1,2,14,5,-70,3.84,742.2,TRUE,TRUE,FALSE,2545.8766
Dec 08 2024 18:27:26.000 UTC,1733700446.0,768.2,39.07607,-75.87153,28,3,22,-25,67,1,0,17,6,-65,3.84,706.2,TRUE,TRUE,FALSE,2538.2780
Dec 08 2024 18:27:27.000 UTC,1733700447.0,742.0,39.07606,-75.87145,28,3,30,-27,94,1,3,15,5,-60,3.825,680.0,TRUE,TRUE,FALSE,2551.0871
Dec 08 2024 18:27:28.000 UTC,1733700448.0,717.9,39.07605,-75.87136,28,3,20,-23,88,1,3,14,6,-52,3.825,655.9,TRUE,TRUE,FALSE,2563.3487
Dec 08 2024 18:27:29.000 UTC,1733700449.0,695.5,39.07606,-75.87127,27,3,32,-21,91,1,1,15,7,-51,3.825,633.5,TRUE,TRUE,FALSE,2573.3065
Dec 08 2024 18:27:30.000 UTC,1733700450.0,674.0,39.07605,-75.87117,28,3,19,-22,106,1,2,9,12,-50,3.822,612.0,TRUE,TRUE,FALSE,2589.4412
Dec 08 2024 18:27:31.000 UTC,1733700451.0,650.9,39.07603,-75.87112,27,3,10,-22,92,1,1,15,7,-50,3.822,588.9,TRUE,TRUE,FALSE,2598.9713
Dec 08 2024 18:27:32.000 UTC,1733700452.0,628.5,39.07604,-75.87108,28,3,13,-22,84,1,4,14,4,-48,3.822,566.5,TRUE,TRUE,FALSE,2603.5654
Dec 08 2024 18:27:33.000 UTC,1733700453.0,605.3,39.07604,-75.87103,28,3,14,-23,80,1,1,15,6,-49,3.844,543.3,TRUE,TRUE,FALSE,2608.2167
Dec 08 2024 18:27:34.000 UTC,1733700454.0,581.8,39.07605,-75.87099,28,3,10,-23,88,1,2,16,5,-44,3.844,519.8,TRUE,TRUE,FALSE,2611.6881
Dec 08 2024 18:27:35.000 UTC,1733700455.0,558.9,39.07605,-75.87097,28,3,4,-23,89,1,3,13,6,-51,3.842,496.9,TRUE,TRUE,FALSE,2613.6830
Dec 08 2024 18:27:36.000 UTC,1733700456.0,536.9,39.07604,-75.87094,27,3,12,-19,96,1,2,16,4,-61,3.842,474.9,TRUE,TRUE,FALSE,2620.1578
Dec 08 2024 18:27:37.000 UTC,1733700457.0,517.5,39.07605,-75.87089,27,3,13,-19,70,1,3,15,5,-50,3.838,455.5,TRUE,TRUE,FALSE,2624.7554
Dec 08 2024 18:27:38.000 UTC,1733700458.0,498.4,39.07605,-75.87086,27,3,8,-19,97,1,1,15,6,-46,3.838,436.4,TRUE,TRUE,FALSE,2627.5950
Dec 08 2024 18:27:39.000 UTC,1733700459.0,479.3,39.07605,-75.87082,27,3,14,-19,97,1,1,17,5,-51,3.841,417.3,TRUE,TRUE,FALSE,2633.9399
Dec 08 2024 18:27:40.000 UTC,1733700460.0,459.9,39.07604,-75.87076,27,3,20,-18,101,1,3,13,6,-50,3.841,397.9,TRUE,TRUE,FALSE,2645.8656
Dec 08 2024 18:27:41.000 UTC,1733700461.0,441.4,39.07603,-75.87069,26,3,19,-19,100,1,2,15,5,-53,3.841,379.4,TRUE,TRUE,FALSE,2658.9033
Dec 08 2024 18:27:42.000 UTC,1733700462.0,420.8,39.07602,-75.87062,27,3,20,-21,100,1,2,14,7,-56,3.843,358.8,TRUE,TRUE,FALSE,2670.8106
Dec 08 2024 18:27:43.000 UTC,1733700463.0,399.5,39.07601,-75.87054,27,3,24,-20,93,1,3,13,7,-58,3.843,337.5,TRUE,TRUE,FALSE,2686.1602
Dec 08 2024 18:27:44.000 UTC,1733700464.0,379.4,39.07600,-75.87045,27,3,22,-20,99,1,2,15,6,-54,3.844,317.4,TRUE,TRUE,FALSE,2699.2277
Dec 08 2024 18:27:45.000 UTC,1733700465.0,358.6,39.07599,-75.87038,27,3,21,-21,103,1,2,14,7,-51,3.844,296.6,TRUE,TRUE,FALSE,2713.8508
Dec 08 2024 18:27:46.000 UTC,1733700466.0,337.5,39.07598,-75.87032,27,3,16,-20,105,1,1,15,7,-52,3.844,275.5,TRUE,TRUE,FALSE,2727.3479
Dec 08 2024 18:27:47.000 UTC,1733700467.0,317.1,39.07597,-75.87026,27,3,17,-20,102,1,3,15,5,-57,3.844,255.1,TRUE,TRUE,FALSE,2738.6963
Dec 08 2024 18:27:48.000 UTC,1733700468.0,295.6,39.07595,-75.87019,27,3,23,-22,96,1,3,15,4,-61,3.844,233.6,TRUE,TRUE,FALSE,2752.3291
Dec 08 2024 18:27:49.000 UTC,1733700469.0,273.7,39.07595,-75.87010,27,3,23,-22,91,1,2,15,6,-55,3.844,211.7,TRUE,TRUE,FALSE,2767.0668
Dec 08 2024 18:27:50.000 UTC,1733700470.0,251.7,39.07595,-75.87004,27,3,13,-22,105,1,2,14,7,-46,3.843,189.7,TRUE,TRUE,FALSE,2777.3777
Dec 08 2024 18:27:51.000 UTC,1733700471.0,230.8,39.07594,-75.86999,27,3,17,-19,96,1,3,11,9,-53,3.843,168.8,TRUE,TRUE,FALSE,2788.9620
Dec 08 2024 18:27:52.000 UTC,1733700472.0,211.1,39.07593,-75.86993,27,3,19,-19,97,1,3,16,3,-49,3.818,149.1,TRUE,TRUE,FALSE,2799.3956
Dec 08 2024 18:27:53.000 UTC,1733700473.0,190.9,39.07592,-75.86986,27,3,17,-21,96,1,2,14,6,-48,3.818,128.9,TRUE,TRUE,FALSE,2812.2400
Dec 08 2024 18:27:54.000 UTC,1733700474.0,169.6,39.07592,-75.86980,27,3,20,-21,88,1,2,12,9,-46,3.818,107.6,TRUE,TRUE,FALSE,2822.8150
Dec 08 2024 18:27:55.000 UTC,1733700475.0,148.5,39.07592,-75.86972,27,3,20,-20,89,1,3,11,9,-50,3.841,86.5,TRUE,TRUE,FALSE,2833.5115
Dec 08 2024 18:27:56.000 UTC,1733700476.0,128.8,39.07592,-75.86964,27,3,20,-19,99,1,2,14,7,-49,3.841,66.8,TRUE,TRUE,FALSE,2846.6482
Dec 08 2024 18:27:57.000 UTC,1733700477.0,112.8,39.07591,-75.86958,27,3,19,-13,97,1,1,17,5,-52,3.843,50.8,TRUE,TRUE,FALSE,2860.9832
Dec 08 2024 18:27:58.000 UTC,1733700478.0,99.9,39.07590,-75.86951,27,3,15,-13,97,1,1,12,10,-53,3.843,37.9,TRUE,TRUE,FALSE,2873.0142
Dec 08 2024 18:27:59.000 UTC,1733700479.0,85.2,39.07590,-75.86947,27,3,12,-15,94,1,3,12,8,-50,3.837,23.2,TRUE,TRUE,FALSE,2880.3527
Dec 08 2024 18:28:00.000 UTC,1733700480.0,69.7,39.07590,-75.86942,27,3,10,-15,90,1,2,13,8,-53,3.837,7.7,TRUE,TRUE,FALSE,2888.8756
Dec 08 2024 18:28:01.000 UTC,1733700481.0,54.6,39.07590,-75.86939,27,3,9,-15,84,1,2,14,6,-64,3.837,-7.4,TRUE,TRUE,FALSE,2892.6714
Dec 08 2024 18:28:02.000 UTC,1733700482.0,45.4,39.07590,-75.86936,27,3,2,1,58,1,0,3,18,-72,3.837,-16.6,TRUE,TRUE,TRUE,2897.6295
Dec 08 2024 18:28:03.000 UTC,1733700483.0,45.5,39.07590,-75.86936,27,3,0,0,-135,1,0,16,7,-72,3.837,-16.5,TRUE,TRUE,TRUE,2897.6295
Dec 08 2024 18:28:04.000 UTC,1733700484.0,45.4,39.07590,-75.86936,27,3,0,0,45,1,0,15,8,-72,3.838,-16.6,TRUE,TRUE,TRUE,2897.6295
Dec 08 2024 18:28:05.000 UTC,1733700485.0,45.4,39.07590,-75.86935,27,3,0,0,129,1,0,15,8,-72,3.838,-16.6,TRUE,TRUE,TRUE,2898.8718
Dec 08 2024 18:28:06.000 UTC,1733700486.0,45.4,39.07590,-75.86935,27,3,0,0,102,1,0,16,7,-72,3.837,-16.6,TRUE,TRUE,TRUE,2898.8718
